Workbook

Sheet Petunjuk
A1: Template Spreadsheet Jade (Jadi sama Claude)
A3: Fungsi | B3: Basis data pesanan dan harga. Web nantinya membaca tab Tugas dan Harga, lalu menulis ke tab Pesanan.
A4: Warna sel | B4: Kuning = sel yang boleh kalian ubah (harga, pengaturan, input uji). Biru = angka yang diketik manual. Hitam = rumus, jangan ditimpa.
A5: Pesanan | B5: Satu baris per pesanan. Baris 2 adalah CONTOH (status Contoh), hapus sebelum dipakai sungguhan. Kode pesanan format JD-0001.
A6: Tugas | B6: Daftar tugas pelajar dan mahasiswa beserta harga dasar. Ubah harga di sini, bukan di kode web. Kolom Aktif = Tidak untuk menyembunyikan tugas.
A7: Harga | B7: Aturan lampiran, tambahan opsional, pengali kisaran, faktor tenggat, dan kebijakan layanan.
A8: Kalkulator | B8: Isi sel kuning untuk menguji estimasi. Rumusnya sama dengan yang akan dipakai web.
A9: Contoh Uji | B9: 5 kasus dengan hasil yang diharapkan. Kolom Cocok harus bertuliskan OK semua. Jika CEK, ada harga atau rumus yang berubah.
A10: Rekap | B10: Ringkasan otomatis dari tab Pesanan (pesanan berstatus Contoh tidak dihitung).
A11: Impor ke Google Sheets | B11: Unggah file ini ke Google Drive, buka dengan Google Sheets, lalu pilih File > Simpan sebagai Google Spreadsheet. Setelah itu cek kolom Cocok di Contoh Uji.
A12: Privasi | B12: Jangan simpan nomor HP, KTP, atau data identitas di Sheets ini. Kolom bebas bisa berisi data yang diketik klien, jadi periksa berkala.
A13: Asumsi | B13: Semua harga adalah USULAN awal (bukan harga pasti). Faktor tenggat, pengali kisaran, dan lampiran gratis juga usulan. Evaluasi setelah 10 pesanan pertama.

Sheet Pesanan
A1: Kode pesanan | B1: Waktu masuk | C1: Jenjang | D1: Prodi / Kelas | E1: Mata kuliah / pelajaran | F1: Jenis tugas | G1: Tugas lainnya (teks) | H1: Jumlah file lampiran | I1: Total hlm lampiran | J1: Target output | K1: Format output | L1: Tenggat | M1: Opsi tambahan | N1: Kebutuhan detail | O1: Ketentuan tugas | P1: Estimasi bawah (Rp) | Q1: Estimasi atas (Rp) | R1: Status | S1: Harga final (Rp) | T1: DP diterima (Rp) | U1: Status bayar | V1: Penanggung jawab | W1: Pemeriksa hasil | X1: Biaya (Rp) | Y1: Waktu kerja (menit) | Z1: Laba (Rp) | AA1: Catatan
A2: JD-0000 | B2: 2026-10-24 18:00 | C2: Mahasiswa | D2: Ekonomi Pertanian | E2: Pengantar Agribisnis | F2: Draf makalah | H2: 2 | I2: 30 | J2: 8 | K2: PDF | L2: 2026-10-28 | M2: Sitasi diperiksa | N2: Makalah tentang rantai pasok cabai (CONTOH) | O2: Format APA 7, font 12 | P2: 88000 | Q2: 106000 | R2: Contoh | S2: 95000 | T2: 47500 | U2: DP | V2: Nama admin 1 | W2: Nama admin 2 | X2: 5000 | Y2: 90 | Z2: =IF(S2="","",S2-N(X2)) -> 90000 | AA2: CONTOH, hapus baris ini sebelum dipakai
Z3: =IF(S3="","",S3-N(X3))
Z4: =IF(S4="","",S4-N(X4))
Z5: =IF(S5="","",S5-N(X5))
Z6: =IF(S6="","",S6-N(X6))
Z7: =IF(S7="","",S7-N(X7))
Z8: =IF(S8="","",S8-N(X8))
Z9: =IF(S9="","",S9-N(X9))
Z10: =IF(S10="","",S10-N(X10))
Z11: =IF(S11="","",S11-N(X11))
Z12: =IF(S12="","",S12-N(X12))
Z13: =IF(S13="","",S13-N(X13))
Z14: =IF(S14="","",S14-N(X14))
... Z501: =IF(S501="","",S501-N(X501))

Sheet Tugas
A1: Kunci (otomatis) | B1: Jenjang | C1: Tugas | D1: Harga dasar (Rp) | E1: Unit sudah termasuk | F1: Satuan | G1: Tarif tambahan per unit (Rp) | H1: Format standar | I1: Aktif
A2: =B2&" - "&C2 -> Mahasiswa - Kerangka/outline (makalah, esai, proposal) | B2: Mahasiswa | C2: Kerangka/outline (makalah, esai, proposal) | D2: 10000 | E2: 1 | F2: kerangka | G2: 0 | H2: Word | I2: Ya
A3: =B3&" - "&C3 -> Mahasiswa - Ringkasan materi/jurnal | B3: Mahasiswa | C3: Ringkasan materi/jurnal | D3: 10000 | E3: 2 | F3: hlm | G3: 3000 | H3: Word | I3: Ya
A4: =B4&" - "&C4 -> Mahasiswa - Resume/review jurnal atau buku | B4: Mahasiswa | C4: Resume/review jurnal atau buku | D4: 20000 | E4: 2 | F4: hlm | G4: 5000 | H4: Word | I4: Ya
A5: =B5&" - "&C5 -> Mahasiswa - Draf esai/opini | B5: Mahasiswa | C5: Draf esai/opini | D5: 25000 | E5: 3 | F5: hlm | G5: 7000 | H5: Word | I5: Ya
A6: =B6&" - "&C6 -> Mahasiswa - Draf makalah | B6: Mahasiswa | C6: Draf makalah | D6: 40000 | E6: 5 | F6: hlm | G6: 6000 | H6: Word | I6: Ya
A7: =B7&" - "&C7 -> Mahasiswa - Analisis/studi kasus | B7: Mahasiswa | C7: Analisis/studi kasus | D7: 35000 | E7: 3 | F7: hlm | G7: 8000 | H7: Word | I7: Ya
A8: =B8&" - "&C8 -> Mahasiswa - Laporan praktikum/kegiatan | B8: Mahasiswa | C8: Laporan praktikum/kegiatan | D8: 45000 | E8: 5 | F8: hlm | G8: 7000 | H8: Word | I8: Ya
A9: =B9&" - "&C9 -> Mahasiswa - Proposal (kegiatan, lomba, penelitian) | B9: Mahasiswa | C9: Proposal (kegiatan, lomba, penelitian) | D9: 55000 | E9: 8 | F9: hlm | G9: 6000 | H9: Word | I9: Ya
A10: =B10&" - "&C10 -> Mahasiswa - PPT presentasi | B10: Mahasiswa | C10: PPT presentasi | D10: 25000 | E10: 10 | F10: slide | G10: 2000 | H10: PPT | I10: Ya
A11: =B11&" - "&C11 -> Mahasiswa - Olah data + interpretasi | B11: Mahasiswa | C11: Olah data + interpretasi | D11: 35000 | E11: 2 | F11: hlm | G11: 8000 | H11: Excel | I11: Ya
A12: =B12&" - "&C12 -> Mahasiswa - Soal latihan + pembahasan dari materi | B12: Mahasiswa | C12: Soal latihan + pembahasan dari materi | D12: 15000 | E12: 10 | F12: soal | G12: 1000 | H12: Word | I12: Ya
A13: =B13&" - "&C13 -> Mahasiswa - Perbaikan bahasa dan format (APA, daftar pustaka) | B13: Mahasiswa | C13: Perbaikan bahasa dan format (APA, daftar pustaka) | D13: 10000 | E13: 10 | F13: hlm | G13: 1000 | H13: Word | I13: Ya
... A27: =B27&" - "&C27 -> Pelajar - Tugas lainnya | B27: Pelajar | C27: Tugas lainnya | D27: 20000 | E27: 2 | F27: unit | G27: 5000 | H27: Word | I27: Ya
A29: Catatan: harga adalah usulan awal. Tarif tambahan 0 = tidak ada tambahan per unit. Format standar dipakai untuk menentukan apakah klien kena biaya format di luar standar.

Sheet Harga
A1: Pengaturan Harga dan Kebijakan
A2: Lampiran
A3: Lampiran gratis (halaman) | B3: 20 | C3: 20 halaman pertama tidak dikenai biaya
A4: Ukuran blok lampiran berbayar (halaman) | B4: 10 | C4: Dibulatkan ke atas per blok
A5: Tarif per blok (Rp) | B5: 3000
A6: Batas lampiran (halaman) | B6: 100 | C6: Di atas ini web menampilkan 'hubungi kami'
A8: Tambahan opsional
A9: Format file di luar standar tugas (Rp) | B9: 5000 | C9: Gratis jika format sama dengan format standar tugas atau 'Teks'
A10: Sitasi diperiksa manual, maks 10 referensi (Rp) | B10: 15000
A11: Penjelasan hasil + poin kunci (Rp) | B11: 10000
A13: Kisaran estimasi
A14: Pengali batas atas (tugas biasa) | B14: 1.2 | C14: Estimasi atas = estimasi bawah x angka ini
A15: Pengali batas bawah (Tugas lainnya) | B15: 0.8
A16: Pengali batas atas (Tugas lainnya) | B16: 1.6
A17: Pembulatan ke atas (Rp) | B17: 1000
A19: Faktor tenggat
A20: Sisa hari (minimal) | B20: Pengali | C20: Keterangan
A21: 0 | B21: 1.5 | C21: Hari ini: perlu konfirmasi admin dulu
A22: 1 | B22: 1.25 | C22: 1-2 hari
A23: 3 | B23: 1.1 | C23: 3-4 hari
A24: 5 | B24: 1 | C24: 5 hari atau lebih
A25: Urutan kolom Sisa hari harus naik (0, 1, 3, 5) agar rumus pencarian benar.
A27: Kebijakan layanan (usulan, belum diputuskan)
A28: DP (persen dari harga final) | B28: 0.5
A29: Revisi gratis (kali) | B29: 2
A30: Revisi tambahan (Rp per revisi) | B30: 5000 | C30: Usulan Rp5.000-10.000
A31: Definisi halaman | B31: 1 hlm A4, font 12, spasi 1,5 (± 300-350 kata)

Sheet Kalkulator
A1: Kalkulator Estimasi (alat uji)
A2: Isi sel kuning. Hasil ada di bagian bawah.
A3: Pilih tugas (Jenjang - Tugas) | B3: Mahasiswa - Draf makalah
A4: Target output (jumlah satuan tugas) | B4: 8
A5: Total halaman lampiran | B5: 30
A6: Sisa hari ke tenggat | B6: 4
A7: Format yang diminta | B7: PDF
A8: Sitasi diperiksa manual? | B8: Ya
A9: Penjelasan hasil? | B9: Tidak
A11: Perhitungan
A12: Harga dasar | B12: =INDEX(Tugas!$D$2:$D$27,MATCH($B$3,Tugas!$A$2:$A$27,0)) -> 40000
A13: Unit sudah termasuk | B13: =INDEX(Tugas!$E$2:$E$27,MATCH($B$3,Tugas!$A$2:$A$27,0)) -> 5
A14: Tarif tambahan per unit | B14: =INDEX(Tugas!$G$2:$G$27,MATCH($B$3,Tugas!$A$2:$A$27,0)) -> 6000
A15: Tambahan unit | B15: =MAX(0,B4-B13)*B14 -> 18000
A16: Tambahan lampiran | B16: =IF(B5<=Harga!B3,0,ROUNDUP((B5-Harga!B3)/Harga!B4,0)*Harga!B5) -> 3000
A17: Subtotal | B17: =B12+B15+B16 -> 61000
A18: Faktor tenggat | B18: =IFERROR(LOOKUP(B6,Harga!A21:A24,Harga!B21:B24),Harga!B21) -> 1.1
A19: Subtotal x faktor tenggat | B19: =B17*B18 -> 67100
A20: Tambahan format | B20: =IF(OR(B7="Teks",B7=INDEX(Tugas!$H$2:$H$27,MATCH($B$3,Tugas!$A$2:$A$27,0))),0,Harga!B9) -> 5000
A21: Tambahan sitasi | B21: =IF(B8="Ya",Harga!B10,0) -> 15000
A22: Tambahan penjelasan hasil | B22: =IF(B9="Ya",Harga!B11,0) -> 0
A23: Total sebelum pembulatan | B23: =B19+B20+B21+B22 -> 87100
A24: Tugas lainnya? | B24: =IF(ISNUMBER(SEARCH("Tugas lainnya",B3)),"Ya","Tidak") -> Tidak
A25: ESTIMASI BAWAH | B25: =IF(B24="Ya",CEILING(ROUND(B23*Harga!B15,2),Harga!B17),CEILING(ROUND(B23,2),Harga!B17)) -> 88000
A26: ESTIMASI ATAS | B26: =IF(B24="Ya",CEILING(ROUND(B23*Harga!B16,2),Harga!B17),CEILING(ROUND(B25*Harga!B14,2),Harga!B17)) -> 106000
A27: Peringatan | B27: =IF(B5>Harga!B6,"Lampiran lebih dari batas: hubungi kami",IF(B6<=0,"Tenggat hari ini: perlu konfirmasi admin",""))
A29: Teks untuk klien | B29: ="Estimasi: Rp"&TEXT(B25,"#,##0")&" - Rp"&TEXT(B26,"#,##0") -> Estimasi: Rp88,000 - Rp106,000
A30: Ini estimasi awal. Harga final dikonfirmasi setelah kebutuhanmu kami baca, dan masih bisa didiskusikan.

Sheet Contoh Uji
A1: Contoh Uji (dihitung manual lebih dulu, lalu dicocokkan dengan rumus)
A3: No | B3: Tugas (Jenjang - Tugas) | C3: Target output | D3: Total hlm lampiran | E3: Sisa hari | F3: Format | G3: Sitasi | H3: Penjelasan | I3: Diharapkan bawah (Rp) | J3: Diharapkan atas (Rp) | K3: Total (rumus) | L3: Bawah (rumus) | M3: Atas (rumus) | N3: Cocok
A4: 1 | B4: Mahasiswa - Draf makalah | C4: 8 | D4: 30 | E4: 4 | F4: PDF | G4: Ya | H4: Tidak | I4: 88000 | J4: 106000 | K4: =(INDEX(Tugas!$D$2:$D$27,MATCH($B4,Tugas!$A$2:$A$27,0))+MAX(0,C4-INDEX(Tugas!$E$2:$E$27,MATCH($B4,Tugas!$A$2:$A$27,0)))*INDEX(Tugas!$G$2:$G$27,MATCH($B4,Tugas!$A$2:$A$27,0))+IF(D4<=Harga!$B$3,0,ROUNDUP((D4-Harga!$B$3)/Harga!$B$4,0)*Harga!$B$5))*IFERROR(LOOKUP(E4,Harga!$A$21:$A$24,Harga!$B$21:$B$24),Harga!$B$21)+IF(OR(F4="Teks",F4=INDEX(Tugas!$H$2:$H$27,MATCH($B4,Tugas!$A$2:$A$27,0))),0,Harga!$B$9)+IF(G4="Ya",Harga!$B$10,0)+IF(H4="Ya",Harga!$B$11,0) -> 87100 | L4: =IF(ISNUMBER(SEARCH("Tugas lainnya",B4)),CEILING(ROUND(K4*Harga!$B$15,2),Harga!$B$17),CEILING(ROUND(K4,2),Harga!$B$17)) -> 88000 | M4: =IF(ISNUMBER(SEARCH("Tugas lainnya",B4)),CEILING(ROUND(K4*Harga!$B$16,2),Harga!$B$17),CEILING(ROUND(L4*Harga!$B$14,2),Harga!$B$17)) -> 106000 | N4: =IF(AND(L4=I4,M4=J4),"OK","CEK") -> OK
A5: 2 | B5: Pelajar - PPT presentasi | C5: 12 | D5: 10 | E5: 6 | F5: PPT | G5: Tidak | H5: Tidak | I5: 21000 | J5: 26000 | K5: =(INDEX(Tugas!$D$2:$D$27,MATCH($B5,Tugas!$A$2:$A$27,0))+MAX(0,C5-INDEX(Tugas!$E$2:$E$27,MATCH($B5,Tugas!$A$2:$A$27,0)))*INDEX(Tugas!$G$2:$G$27,MATCH($B5,Tugas!$A$2:$A$27,0))+IF(D5<=Harga!$B$3,0,ROUNDUP((D5-Harga!$B$3)/Harga!$B$4,0)*Harga!$B$5))*IFERROR(LOOKUP(E5,Harga!$A$21:$A$24,Harga!$B$21:$B$24),Harga!$B$21)+IF(OR(F5="Teks",F5=INDEX(Tugas!$H$2:$H$27,MATCH($B5,Tugas!$A$2:$A$27,0))),0,Harga!$B$9)+IF(G5="Ya",Harga!$B$10,0)+IF(H5="Ya",Harga!$B$11,0) -> 21000 | L5: =IF(ISNUMBER(SEARCH("Tugas lainnya",B5)),CEILING(ROUND(K5*Harga!$B$15,2),Harga!$B$17),CEILING(ROUND(K5,2),Harga!$B$17)) -> 21000 | M5: =IF(ISNUMBER(SEARCH("Tugas lainnya",B5)),CEILING(ROUND(K5*Harga!$B$16,2),Harga!$B$17),CEILING(ROUND(L5*Harga!$B$14,2),Harga!$B$17)) -> 26000 | N5: =IF(AND(L5=I5,M5=J5),"OK","CEK") -> OK
A6: 3 | B6: Mahasiswa - Olah data + interpretasi | C6: 3 | D6: 5 | E6: 1 | F6: Excel | G6: Tidak | H6: Ya | I6: 64000 | J6: 77000 | K6: =(INDEX(Tugas!$D$2:$D$27,MATCH($B6,Tugas!$A$2:$A$27,0))+MAX(0,C6-INDEX(Tugas!$E$2:$E$27,MATCH($B6,Tugas!$A$2:$A$27,0)))*INDEX(Tugas!$G$2:$G$27,MATCH($B6,Tugas!$A$2:$A$27,0))+IF(D6<=Harga!$B$3,0,ROUNDUP((D6-Harga!$B$3)/Harga!$B$4,0)*Harga!$B$5))*IFERROR(LOOKUP(E6,Harga!$A$21:$A$24,Harga!$B$21:$B$24),Harga!$B$21)+IF(OR(F6="Teks",F6=INDEX(Tugas!$H$2:$H$27,MATCH($B6,Tugas!$A$2:$A$27,0))),0,Harga!$B$9)+IF(G6="Ya",Harga!$B$10,0)+IF(H6="Ya",Harga!$B$11,0) -> 63750 | L6: =IF(ISNUMBER(SEARCH("Tugas lainnya",B6)),CEILING(ROUND(K6*Harga!$B$15,2),Harga!$B$17),CEILING(ROUND(K6,2),Harga!$B$17)) -> 64000 | M6: =IF(ISNUMBER(SEARCH("Tugas lainnya",B6)),CEILING(ROUND(K6*Harga!$B$16,2),Harga!$B$17),CEILING(ROUND(L6*Harga!$B$14,2),Harga!$B$17)) -> 77000 | N6: =IF(AND(L6=I6,M6=J6),"OK","CEK") -> OK
A7: 4 | B7: Mahasiswa - Tugas lainnya | C7: 4 | D7: 0 | E7: 6 | F7: Teks | G7: Tidak | H7: Tidak | I7: 30000 | J7: 60000 | K7: =(INDEX(Tugas!$D$2:$D$27,MATCH($B7,Tugas!$A$2:$A$27,0))+MAX(0,C7-INDEX(Tugas!$E$2:$E$27,MATCH($B7,Tugas!$A$2:$A$27,0)))*INDEX(Tugas!$G$2:$G$27,MATCH($B7,Tugas!$A$2:$A$27,0))+IF(D7<=Harga!$B$3,0,ROUNDUP((D7-Harga!$B$3)/Harga!$B$4,0)*Harga!$B$5))*IFERROR(LOOKUP(E7,Harga!$A$21:$A$24,Harga!$B$21:$B$24),Harga!$B$21)+IF(OR(F7="Teks",F7=INDEX(Tugas!$H$2:$H$27,MATCH($B7,Tugas!$A$2:$A$27,0))),0,Harga!$B$9)+IF(G7="Ya",Harga!$B$10,0)+IF(H7="Ya",Harga!$B$11,0) -> 37000 | L7: =IF(ISNUMBER(SEARCH("Tugas lainnya",B7)),CEILING(ROUND(K7*Harga!$B$15,2),Harga!$B$17),CEILING(ROUND(K7,2),Harga!$B$17)) -> 30000 | M7: =IF(ISNUMBER(SEARCH("Tugas lainnya",B7)),CEILING(ROUND(K7*Harga!$B$16,2),Harga!$B$17),CEILING(ROUND(L7*Harga!$B$14,2),Harga!$B$17)) -> 60000 | N7: =IF(AND(L7=I7,M7=J7),"OK","CEK") -> OK
A8: 5 | B8: Pelajar - Draf makalah/laporan observasi | C8: 6 | D8: 45 | E8: 2 | F8: Teks | G8: Ya | H8: Tidak | I8: 70000 | J8: 84000 | K8: =(INDEX(Tugas!$D$2:$D$27,MATCH($B8,Tugas!$A$2:$A$27,0))+MAX(0,C8-INDEX(Tugas!$E$2:$E$27,MATCH($B8,Tugas!$A$2:$A$27,0)))*INDEX(Tugas!$G$2:$G$27,MATCH($B8,Tugas!$A$2:$A$27,0))+IF(D8<=Harga!$B$3,0,ROUNDUP((D8-Harga!$B$3)/Harga!$B$4,0)*Harga!$B$5))*IFERROR(LOOKUP(E8,Harga!$A$21:$A$24,Harga!$B$21:$B$24),Harga!$B$21)+IF(OR(F8="Teks",F8=INDEX(Tugas!$H$2:$H$27,MATCH($B8,Tugas!$A$2:$A$27,0))),0,Harga!$B$9)+IF(G8="Ya",Harga!$B$10,0)+IF(H8="Ya",Harga!$B$11,0) -> 70000 | L8: =IF(ISNUMBER(SEARCH("Tugas lainnya",B8)),CEILING(ROUND(K8*Harga!$B$15,2),Harga!$B$17),CEILING(ROUND(K8,2),Harga!$B$17)) -> 70000 | M8: =IF(ISNUMBER(SEARCH("Tugas lainnya",B8)),CEILING(ROUND(K8*Harga!$B$16,2),Harga!$B$17),CEILING(ROUND(L8*Harga!$B$14,2),Harga!$B$17)) -> 84000 | N8: =IF(AND(L8=I8,M8=J8),"OK","CEK") -> OK
A10: Catatan: kasus 1 memakai PDF karena format standar makalah adalah Word, sehingga kena biaya format Rp5.000. Kasus 3 (Excel untuk olah data) dan kasus 2 (PPT untuk PPT) gratis format.

Sheet Rekap
A1: Rekap Pesanan (otomatis)
A3: Jumlah pesanan (tanpa Contoh) | B3: =COUNTA(Pesanan!A2:A501)-COUNTIF(Pesanan!R2:R501,"Contoh") -> 0
A4: Pesanan Draf | B4: =COUNTIF(Pesanan!R2:R501,"Draf") -> 0
A5: Pesanan Dikonfirmasi/Dikerjakan/Revisi | B5: =COUNTIF(Pesanan!R2:R501,"Dikonfirmasi")+COUNTIF(Pesanan!R2:R501,"Dikerjakan")+COUNTIF(Pesanan!R2:R501,"Revisi") -> 0
A6: Pesanan Selesai | B6: =COUNTIF(Pesanan!R2:R501,"Selesai") -> 0
A7: Pesanan Ditolak/Dibatalkan | B7: =COUNTIF(Pesanan!R2:R501,"Ditolak")+COUNTIF(Pesanan!R2:R501,"Dibatalkan") -> 0
A8: Pemasukan (harga final, status Selesai) | B8: =SUMIFS(Pesanan!S2:S501,Pesanan!R2:R501,"Selesai") -> 0
A9: Biaya (status Selesai) | B9: =SUMIFS(Pesanan!X2:X501,Pesanan!R2:R501,"Selesai") -> 0
A10: Laba (status Selesai) | B10: =B8-B9 -> 0
A11: Rata-rata harga final (status Selesai) | B11: =IFERROR(B8/B6,0) -> 0
A12: Total waktu kerja (menit, status Selesai) | B12: =SUMIFS(Pesanan!Y2:Y501,Pesanan!R2:R501,"Selesai") -> 0
A13: Laba per jam kerja (Rp) | B13: =IFERROR(B10/(B12/60),0) -> 0
A15: Catatan: biaya adalah biaya yang kalian catat sendiri (misalnya porsi langganan atau biaya admin pembayaran). Claude Pro tidak menagih biaya token per pesanan.
